operator_name,kernel_name,variant_index,mapping_status,input_shapes,input_dtypes,candidate_operators,kernel_event_count,kernel_time_us,operator_kind,source_category,source_library,execution_origin,kernel_time_percent,kernel_time_percent_of_category
aten::mm,nvjet_sm90_tst_128x8_64x12_2x1_v_bz_TNT,1,operator_shape_matched,"[[2,5120],[5120,8704]]","[""c10::BFloat16"",""c10::BFloat16""]",null,1024,26006.165,aten,torch_aten,pytorch,eager,20.343677,26.232775
aten::mm,nvjet_sm90_tst_256x8_64x6_4x1_v_bz_splitK_TNT,1,operator_shape_matched,"[[2,4352],[4352,5120]]","[""c10::BFloat16"",""c10::BFloat16""]",null,1024,13734.521,aten,torch_aten,pytorch,eager,10.744016,13.8542
aten::mm,nvjet_sm90_tst_64x8_64x16_2x1_v_bz_TNT,1,operator_shape_matched,"[[2,5120],[5120,4096]]","[""c10::BFloat16"",""c10::BFloat16""]",null,768,10002.12,aten,torch_aten,pytorch,eager,7.824295,10.089276
gemma_rms_norm,kernel_cutlass_kernel_flashinfernormkernelsfused_add_rmsnormFusedAddRMSNormKernel,1,native_marker_operator_shape_matched,"[[],[2,5120],[2,5120]]","[""Object[sglang.srt.layers.layernorm.GemmaRMSNorm]"",""torch.bfloat16"",""torch.bfloat16""]",null,2048,5959.363,custom,vendor,cuda,eager,4.661793,28.302056
gemma_rms_norm,kernel_cutlass_kernel_flashinfernormkernelsfused_add_rmsnormFusedAddRMSNormKernel,2,native_marker_operator_shape_matched,"[[],[32,5120],[32,5120]]","[""Object[sglang.srt.layers.layernorm.GemmaRMSNorm]"",""torch.bfloat16"",""torch.bfloat16""]",null,512,1581.909,custom,vendor,cuda,eager,1.23747,7.512762
aten::mm,nvjet_sm90_tst_128x32_64x10_2x1_v_bz_TNT,1,operator_shape_matched,"[[32,5120],[5120,8704]]","[""c10::BFloat16"",""c10::BFloat16""]",null,256,7185.765,aten,torch_aten,pytorch,eager,5.621163,7.24838
aten::copy_,at::native::elementwise_kernel,1,operator_shape_matched,"[[2,12],[2,12],[]]","[""c10::BFloat16"",""c10::BFloat16"",""Scalar""]",null,1536,1644.372,aten,torch_aten,pytorch,eager,1.286332,1.658701
aten::copy_,at::native::elementwise_kernel,2,operator_shape_matched,"[[2,12,128],[2,12,128],[]]","[""c10::BFloat16"",""c10::BFloat16"",""Scalar""]",null,768,1575.49,aten,torch_aten,pytorch,eager,1.232449,1.589218
aten::copy_,at::native::elementwise_kernel,3,operator_shape_matched,"[[2,6,256],[2,6,256],[]]","[""c10::BFloat16"",""c10::BFloat16"",""Scalar""]",null,512,1101.433,aten,torch_aten,pytorch,eager,0.861611,1.111031
aten::copy_,at::native::elementwise_kernel,4,operator_shape_matched,"[[1,32,4,128],[1,32,4,128],[]]","[""c10::BFloat16"",""c10::BFloat16"",""Scalar""]",null,384,784.092,custom,vendor,cuda,eager,0.613367,3.72379
aten::copy_,at::native::elementwise_kernel,5,operator_shape_matched,"[[32,12],[32,12],[]]","[""c10::BFloat16"",""c10::BFloat16"",""Scalar""]",null,384,566.175,aten,torch_aten,pytorch,eager,0.442898,0.571108
aten::copy_,at::native::elementwise_kernel,6,operator_shape_matched,"[[32,12,128],[32,12,128],[]]","[""c10::BFloat16"",""c10::BFloat16"",""Scalar""]",null,192,418.079,aten,torch_aten,pytorch,eager,0.327048,0.421722
aten::copy_,at::native::elementwise_kernel,7,operator_shape_matched,"[[1,32,12,128],[1,32,12,128],[]]","[""c10::BFloat16"",""c10::BFloat16"",""Scalar""]",null,192,410.455,custom,vendor,cuda,eager,0.321084,1.949323
aten::copy_,at::native::elementwise_kernel,8,operator_shape_matched,"[[32,6,256],[32,6,256],[]]","[""c10::BFloat16"",""c10::BFloat16"",""Scalar""]",null,128,287.584,aten,torch_aten,pytorch,eager,0.224967,0.29009
aten::copy_,at::native::elementwise_kernel,9,operator_shape_matched,"[[32,1,256],[32,1,256],[]]","[""c10::BFloat16"",""c10::BFloat16"",""Scalar""]",null,64,125.12,aten,torch_aten,pytorch,eager,0.097877,0.12621
aten::copy_,at::native::elementwise_kernel,10,operator_shape_matched,"[[2,4,62080],[2,4,62080],[]]","[""c10::BFloat16"",""c10::BFloat16"",""Scalar""]",null,20,73.346,aten,torch_aten,pytorch,eager,0.057376,0.073985
aten::masked_fill_,at::native::elementwise_kernel,11,operator_shape_matched,"[[2,5120],[2,1],[]]","[""c10::BFloat16"",""bool"",""Scalar""]",null,16,35.426,aten,torch_aten,pytorch,eager,0.027712,0.035735
aten::add,at::native::elementwise_kernel,12,operator_shape_matched,"[[2,1],[1],[]]","[""long int"",""long int"",""Scalar""]",null,16,19.967,aten,torch_aten,pytorch,eager,0.015619,0.020141
aten::masked_fill_,at::native::elementwise_kernel,13,operator_shape_matched,"[[32,5120],[32,1],[]]","[""c10::BFloat16"",""bool"",""Scalar""]",null,4,9.985,aten,torch_aten,pytorch,eager,0.007811,0.010072
aten::add,at::native::elementwise_kernel,14,operator_shape_matched,"[[32,1],[1],[]]","[""long int"",""long int"",""Scalar""]",null,4,4.832,aten,torch_aten,pytorch,eager,0.00378,0.004874
aten::mm,nvjet_sm90_tst_128x8_64x12_4x1_v_bz_TNT,1,operator_shape_matched,"[[2,1536],[1536,5120]]","[""c10::BFloat16"",""c10::BFloat16""]",null,1024,6934.276,aten,torch_aten,pytorch,eager,5.424432,6.994699
aten::mm,nvjet_sm90_tst_256x32_64x5_4x1_v_bz_splitK_TNT,1,operator_shape_matched,"[[32,4352],[4352,5120]]","[""c10::BFloat16"",""c10::BFloat16""]",null,256,4641.5,aten,torch_aten,pytorch,eager,3.630877,4.681945
aten::mm,cublasLt::splitKreduce_kernel,1,operator_shape_matched,"[[2,4352],[4352,5120]]","[""c10::BFloat16"",""c10::BFloat16""]",null,1024,1824.025,aten,torch_aten,pytorch,eager,1.426868,1.839919
aten::mm,cublasLt::splitKreduce_kernel,2,operator_shape_matched,"[[2,5120],[5120,24]]","[""c10::BFloat16"",""c10::BFloat16""]",null,768,1055.054,aten,torch_aten,pytorch,eager,0.82533,1.064247
aten::mm,cublasLt::splitKreduce_kernel,3,operator_shape_matched,"[[32,4352],[4352,5120]]","[""c10::BFloat16"",""c10::BFloat16""]",null,256,742.013,aten,torch_aten,pytorch,eager,0.58045,0.748479
aten::mm,cublasLt::splitKreduce_kernel,4,operator_shape_matched,"[[32,5120],[5120,24]]","[""c10::BFloat16"",""c10::BFloat16""]",null,192,279.94,aten,torch_aten,pytorch,eager,0.218987,0.282379
aten::mm,cublasLt::splitKreduce_kernel,5,operator_shape_matched,"[[2,5120],[5120,62080]]","[""c10::BFloat16"",""c10::BFloat16""]",null,20,127.167,aten,torch_aten,pytorch,eager,0.099478,0.128275
sglang.srt.layers.attention.fla.fused_recurrent.fused_recurrent_gated_delta_rule_packed_decode_kernel,fused_recurrent_gated_delta_rule_packed_decode_kernel,1,native_marker_operator_shape_matched,"[[2,2560],[2,12],[2,12],[12],[12],[2,1,12,128],[3,12,128,128],[3,12,128,128],[2],[],[],[],[],[],[],[],[],[],[],[],[],[],[],[],[],[]]","[""torch.bfloat16"",""torch.bfloat16"",""torch.bfloat16"",""torch.float32"",""torch.bfloat16"",""torch.bfloat16"",""torch.float32"",""torch.float32"",""torch.int32"",""Scalar[float]"",""Scalar[int]"",""Scalar[int]"",""Scalar[int]"",""Scalar[int]"",""Scalar[int]"",""Scalar[int]"",""Scalar[int]"",""Scalar[int]"",""Scalar[int]"",""Scalar[int]"",""Scalar[int]"",""Scalar[int]"",""Scalar[float]"",""Scalar[bool]"",""Scalar[int]"",""Scalar[int]""]",null,768,3926.625,custom,vendor,cuda,eager,3.071656,18.648228
aten::mm,nvjet_sm90_tst_64x8_64x16_1x1_h_bz_splitK_TNT,1,operator_shape_matched,"[[2,5120],[5120,24]]","[""c10::BFloat16"",""c10::BFloat16""]",null,768,3614.638,aten,torch_aten,pytorch,eager,2.8276,3.646135
aten::mm,nvjet_sm90_tst_64x8_64x16_4x1_v_bz_TNT,1,operator_shape_matched,"[[2,5120],[5120,3584]]","[""c10::BFloat16"",""c10::BFloat16""]",null,256,3035.899,aten,torch_aten,pytorch,eager,2.374873,3.062353
aten::mm,nvjet_sm90_tst_64x8_64x16_2x1_v_bz_splitK_TNT,1,operator_shape_matched,"[[2,5120],[5120,62080]]","[""c10::BFloat16"",""c10::BFloat16""]",null,20,2972.674,aten,torch_aten,pytorch,eager,2.325415,2.998577
aten::mm,nvjet_sm90_tst_64x32_64x16_2x1_v_bz_TNT,1,operator_shape_matched,"[[32,5120],[5120,4096]]","[""c10::BFloat16"",""c10::BFloat16""]",null,192,2959.837,aten,torch_aten,pytorch,eager,2.315373,2.985628
aten::mm,nvjet_sm90_tst_192x16_64x8_4x2_h_bz_TNT,1,operator_shape_matched,"[[32,1536],[1536,5120]]","[""c10::BFloat16"",""c10::BFloat16""]",null,256,2261.481,aten,torch_aten,pytorch,eager,1.769074,2.281187
sgl_kernel::silu_and_mul,flashinfer::activation::act_and_mul_kernel,1,operator_shape_matched,"[[2,4352],[2,8704]]","[""c10::BFloat16"",""c10::BFloat16""]",null,1024,1550.181,custom,vendor,cuda,eager,1.21265,7.36208
sgl_kernel::silu_and_mul,flashinfer::activation::act_and_mul_kernel,2,operator_shape_matched,"[[32,4352],[32,8704]]","[""c10::BFloat16"",""c10::BFloat16""]",null,256,413.661,custom,vendor,cuda,eager,0.323592,1.964548
sglang.srt.layers.attention.mamba.causal_conv1d_triton._causal_conv1d_update_kernel,_causal_conv1d_update_kernel,1,native_marker_operator_shape_matched,"[[2,2560,1],[2560,4],[],[3,2560,3],[],[2],[],[2,2560,1],[],[],[],[],[2,2560,1],[],[],[],[],[],[],[],[],[],[],[],[],[],[],[],[],[],[],[],[],[],[],[],[],[],[],[],[],[],[],[],[],[],[],[],[],[],[],[],[]]","[""torch.bfloat16"",""torch.bfloat16"",""None"",""torch.bfloat16"",""None"",""torch.int32"",""None"",""torch.bfloat16"",""None"",""None"",""None"",""None"",""torch.bfloat16"",""Scalar[int]"",""Scalar[int]"",""Scalar[int]"",""Scalar[int]"",""Scalar[int]"",""Scalar[int]"",""Scalar[int]"",""Scalar[int]"",""Scalar[int]"",""Scalar[int]"",""Scalar[int]"",""Scalar[int]"",""Scalar[int]"",""Scalar[int]"",""Scalar[int]"",""Scalar[int]"",""Scalar[int]"",""Scalar[int]"",""Scalar[int]"",""Scalar[int]"",""Scalar[int]"",""Scalar[int]"",""Scalar[int]"",""Scalar[int]"",""Scalar[int]"",""Scalar[int]"",""Scalar[int]"",""Scalar[int]"",""Scalar[int]"",""Scalar[bool]"",""Scalar[int]"",""Scalar[bool]"",""Scalar[bool]"",""Scalar[bool]"",""Scalar[int]"",""Scalar[int]"",""Scalar[bool]"",""Scalar[int]"",""Scalar[bool]"",""Scalar[bool]""]",null,768,1853.858,custom,third_party,sglang,eager,1.450206,24.317621
aten::cat,at::native::<anonymous>::CatArrayBatchedCopy,1,operator_shape_matched,"[[[2,512],[2,512],[2,1536]],[]]","[""TensorList"",""Scalar""]",null,768,1327.68,aten,torch_aten,pytorch,eager,1.038596,1.339249
aten::cat,at::native::<anonymous>::CatArrayBatchedCopy,2,operator_shape_matched,"[[[32,512],[32,512],[32,1536]],[]]","[""TensorList"",""Scalar""]",null,192,438.984,aten,torch_aten,pytorch,eager,0.343401,0.442809
aten::cat,at::native::<anonymous>::CatArrayBatchedCopy,3,operator_shape_matched,"[[[0],[1]],[]]","[""TensorList"",""Scalar""]",null,4,5.248,aten,torch_aten,pytorch,eager,0.004105,0.005294
aten::sigmoid,at::native::vectorized_elementwise_kernel,1,operator_shape_matched,"[[2,1536]]","[""c10::BFloat16""]",null,256,385.348,aten,torch_aten,pytorch,eager,0.301444,0.388706
aten::mul,at::native::vectorized_elementwise_kernel,2,operator_shape_matched,"[[2,1536],[2,1536]]","[""c10::BFloat16"",""c10::BFloat16""]",null,256,253.856,aten,torch_aten,pytorch,eager,0.198582,0.256068
aten::gt,at::native::vectorized_elementwise_kernel,3,operator_shape_matched,"[[2],[]]","[""int"",""Scalar""]",null,192,236.734,aten,torch_aten,pytorch,eager,0.185188,0.238797
aten::fill_,at::native::vectorized_elementwise_kernel,4,operator_shape_matched,"[[1,32,12,64],[]]","[""c10::BFloat16"",""Scalar""]",null,192,145.957,custom,vendor,cuda,eager,0.114177,0.693175
aten::fill_,at::native::vectorized_elementwise_kernel,5,operator_shape_matched,"[[1,32,12,128],[]]","[""c10::BFloat16"",""Scalar""]",null,192,144.926,custom,vendor,cuda,eager,0.11337,0.688279
aten::sigmoid,at::native::vectorized_elementwise_kernel,6,operator_shape_matched,"[[32,1536]]","[""c10::BFloat16""]",null,64,98.621,aten,torch_aten,pytorch,eager,0.077148,0.09948
aten::mul,at::native::vectorized_elementwise_kernel,7,operator_shape_matched,"[[32,1536],[32,1536]]","[""c10::BFloat16"",""c10::BFloat16""]",null,64,67.615,aten,torch_aten,pytorch,eager,0.052893,0.068204
aten::neg,at::native::vectorized_elementwise_kernel,8,operator_shape_matched,[[2]],"[""long int""]",null,20,24.191,aten,torch_aten,pytorch,eager,0.018924,0.024402
aten::mul,at::native::vectorized_elementwise_kernel,9,operator_shape_matched,"[[2,1],[]]","[""long int"",""long int""]",null,16,19.614,aten,torch_aten,pytorch,eager,0.015343,0.019785
aten::add,at::native::vectorized_elementwise_kernel,10,operator_shape_matched,"[[2],[],[]]","[""int"",""long int"",""Scalar""]",null,16,18.624,aten,torch_aten,pytorch,eager,0.014569,0.018786
aten::add,at::native::vectorized_elementwise_kernel,11,operator_shape_matched,"[[2],[],[]]","[""long int"",""long int"",""Scalar""]",null,16,16.256,aten,torch_aten,pytorch,eager,0.012716,0.016398
aten::floor_divide,at::native::vectorized_elementwise_kernel,12,operator_shape_matched,"[[2],[]]","[""int"",""long int""]",null,12,15.873,custom,vendor,cuda,eager,0.012417,0.075384
aten::sub,at::native::vectorized_elementwise_kernel,13,operator_shape_matched,"[[2],[],[]]","[""int"",""long int"",""Scalar""]",null,12,12.512,custom,vendor,cuda,eager,0.009788,0.059422
aten::add,at::native::vectorized_elementwise_kernel,14,operator_shape_matched,"[[2],[],[]]","[""int"",""long int"",""Scalar""]",null,12,12.258,custom,vendor,cuda,eager,0.009589,0.058215
aten::sub,at::native::vectorized_elementwise_kernel,15,operator_shape_matched,"[[2],[],[]]","[""long int"",""long int"",""Scalar""]",null,8,9.791,aten,torch_aten,pytorch,eager,0.007659,0.009876
aten::fill_,at::native::vectorized_elementwise_kernel,16,operator_shape_matched,"[[1],[]]","[""float"",""Scalar""]",null,8,6.305,aten,torch_aten,pytorch,eager,0.004932,0.00636
aten::fill_,at::native::vectorized_elementwise_kernel,17,operator_shape_matched,"[[1],[]]","[""c10::BFloat16"",""Scalar""]",null,8,6.271,aten,torch_aten,pytorch,eager,0.004906,0.006326
aten::floor_divide,at::native::vectorized_elementwise_kernel,18,operator_shape_matched,"[[40],[]]","[""int"",""long int""]",null,4,5.344,aten,torch_aten,pytorch,eager,0.00418,0.005391
aten::mul,at::native::vectorized_elementwise_kernel,19,operator_shape_matched,"[[32,1],[]]","[""long int"",""long int""]",null,4,4.895,aten,torch_aten,pytorch,eager,0.003829,0.004938
LayerNormFn,_layer_norm_fwd_1pass_kernel,1,operator_shape_matched,"[[24,128],[128],[],[24,128],[],[],[],[]]","[""c10::BFloat16"",""c10::BFloat16"","""",""c10::BFloat16"",""Scalar"","""",""Scalar"",""Scalar""]",null,768,1105.371,custom,third_party,upstream_unknown,eager,0.864692,14.499489
LayerNormFn,_layer_norm_fwd_1pass_kernel,2,operator_shape_matched,"[[384,128],[128],[],[384,128],[],[],[],[]]","[""c10::BFloat16"",""c10::BFloat16"","""",""c10::BFloat16"",""Scalar"","""",""Scalar"",""Scalar""]",null,192,359.97,custom,third_party,upstream_unknown,eager,0.281591,4.721836
ChunkGatedDeltaRuleFunction,chunk_gated_delta_rule_fwd_kkt_solve_kernel,1,operator_shape_matched,"[[1,32,4,128],[1,32,4,128],[1,32,12,128],[1,32,12],[1,32,12],[],[3,12,128,128],[2],[3],[]]","[""c10::BFloat16"",""c10::BFloat16"",""c10::BFloat16"",""float"",""float"",""Scalar"",""float"",""int"",""int"",""Scalar""]",null,192,1391.329,custom,vendor,cuda,eager,1.088386,6.607665
sglang.srt.layers.attention.triton_ops.extend_attention._fwd_kernel,_fwd_kernel,1,native_marker_operator_shape_matched,"[[32,6,256],[32,1,256],[32,1,256],[32,6,256],[6388717,1,256],[6388717,1,256],[3],[3],[0],[],[],[],[],[],[],[],[],[],[],[],[],[],[],[],[],[],[],[],[],[],[],[],[],[],[],[],[],[],[],[],[],[],[],[],[],[]]","[""torch.bfloat16"",""torch.bfloat16"",""torch.bfloat16"",""torch.bfloat16"",""torch.bfloat16"",""torch.bfloat16"",""torch.int64"",""torch.int32"",""torch.int64"",""None"",""None"",""None"",""None"",""Scalar[float]"",""Scalar[float]"",""Scalar[float]"",""Scalar[int]"",""Scalar[int]"",""Scalar[int]"",""Scalar[int]"",""Scalar[int]"",""Scalar[int]"",""Scalar[int]"",""Scalar[int]"",""Scalar[int]"",""Scalar[int]"",""Scalar[int]"",""Scalar[int]"",""Scalar[int]"",""Scalar[int]"",""Scalar[float]"",""Scalar[int]"",""Scalar[int]"",""Scalar[int]"",""Scalar[int]"",""Scalar[int]"",""Scalar[int]"",""Scalar[int]"",""Scalar[int]"",""Scalar[bool]"",""Scalar[bool]"",""Scalar[bool]"",""Scalar[bool]"",""Scalar[bool]"",""Scalar[int]"",""Scalar[int]""]",null,64,1224.416,custom,third_party,sglang,eager,0.957816,16.061038
ChunkGatedDeltaRuleFunction,chunk_gated_delta_rule_fwd_kernel_h_blockdim64,1,operator_shape_matched,"[[1,32,4,128],[1,32,4,128],[1,32,12,128],[1,32,12],[1,32,12],[],[3,12,128,128],[2],[3],[]]","[""c10::BFloat16"",""c10::BFloat16"",""c10::BFloat16"",""float"",""float"",""Scalar"",""float"",""int"",""int"",""Scalar""]",null,192,1168.924,custom,vendor,cuda,eager,0.914407,5.551424
sglang.srt.layers.attention.triton_ops.decode_attention._fwd_grouped_kernel_stage1,_fwd_grouped_kernel_stage1,1,native_marker_operator_shape_matched,"[[2,6,256],[6388717,1,256],[6388717,1,256],[],[3],[38],[2,6,8,256],[2,6,8],[2],[],[],[],[],[],[],[],[],[],[],[],[],[],[],[],[],[],[],[],[],[],[],[]]","[""torch.bfloat16"",""torch.bfloat16"",""torch.bfloat16"",""Scalar[float]"",""torch.int32"",""torch.int64"",""torch.float32"",""torch.float32"",""torch.int32"",""Scalar[int]"",""Scalar[int]"",""Scalar[int]"",""Scalar[int]"",""Scalar[int]"",""Scalar[int]"",""Scalar[int]"",""Scalar[int]"",""Scalar[int]"",""Scalar[int]"",""Scalar[int]"",""Scalar[int]"",""Scalar[int]"",""Scalar[int]"",""Scalar[int]"",""Scalar[int]"",""Scalar[int]"",""Scalar[float]"",""Scalar[int]"",""Scalar[int]"",""Scalar[int]"",""Scalar[int]"",""Scalar[int]""]",null,64,273.056,custom,third_party,sglang,eager,0.213602,3.581759
sglang.srt.layers.attention.triton_ops.decode_attention._fwd_grouped_kernel_stage1,_fwd_grouped_kernel_stage1,2,native_marker_operator_shape_matched,"[[2,6,256],[6388717,1,256],[6388717,1,256],[],[3],[40],[2,6,8,256],[2,6,8],[2],[],[],[],[],[],[],[],[],[],[],[],[],[],[],[],[],[],[],[],[],[],[],[]]","[""torch.bfloat16"",""torch.bfloat16"",""torch.bfloat16"",""Scalar[float]"",""torch.int32"",""torch.int64"",""torch.float32"",""torch.float32"",""torch.int32"",""Scalar[int]"",""Scalar[int]"",""Scalar[int]"",""Scalar[int]"",""Scalar[int]"",""Scalar[int]"",""Scalar[int]"",""Scalar[int]"",""Scalar[int]"",""Scalar[int]"",""Scalar[int]"",""Scalar[int]"",""Scalar[int]"",""Scalar[int]"",""Scalar[int]"",""Scalar[int]"",""Scalar[int]"",""Scalar[float]"",""Scalar[int]"",""Scalar[int]"",""Scalar[int]"",""Scalar[int]"",""Scalar[int]""]",null,64,273.056,custom,third_party,sglang,eager,0.213602,3.581759
sglang.srt.layers.attention.triton_ops.decode_attention._fwd_grouped_kernel_stage1,_fwd_grouped_kernel_stage1,3,native_marker_operator_shape_matched,"[[2,6,256],[6388717,1,256],[6388717,1,256],[],[3],[34],[2,6,8,256],[2,6,8],[2],[],[],[],[],[],[],[],[],[],[],[],[],[],[],[],[],[],[],[],[],[],[],[]]","[""torch.bfloat16"",""torch.bfloat16"",""torch.bfloat16"",""Scalar[float]"",""torch.int32"",""torch.int64"",""torch.float32"",""torch.float32"",""torch.int32"",""Scalar[int]"",""Scalar[int]"",""Scalar[int]"",""Scalar[int]"",""Scalar[int]"",""Scalar[int]"",""Scalar[int]"",""Scalar[int]"",""Scalar[int]"",""Scalar[int]"",""Scalar[int]"",""Scalar[int]"",""Scalar[int]"",""Scalar[int]"",""Scalar[int]"",""Scalar[int]"",""Scalar[int]"",""Scalar[float]"",""Scalar[int]"",""Scalar[int]"",""Scalar[int]"",""Scalar[int]"",""Scalar[int]""]",null,64,271.78,custom,third_party,sglang,eager,0.212604,3.565021
sglang.srt.layers.attention.triton_ops.decode_attention._fwd_grouped_kernel_stage1,_fwd_grouped_kernel_stage1,4,native_marker_operator_shape_matched,"[[2,6,256],[6388717,1,256],[6388717,1,256],[],[3],[36],[2,6,8,256],[2,6,8],[2],[],[],[],[],[],[],[],[],[],[],[],[],[],[],[],[],[],[],[],[],[],[],[]]","[""torch.bfloat16"",""torch.bfloat16"",""torch.bfloat16"",""Scalar[float]"",""torch.int32"",""torch.int64"",""torch.float32"",""torch.float32"",""torch.int32"",""Scalar[int]"",""Scalar[int]"",""Scalar[int]"",""Scalar[int]"",""Scalar[int]"",""Scalar[int]"",""Scalar[int]"",""Scalar[int]"",""Scalar[int]"",""Scalar[int]"",""Scalar[int]"",""Scalar[int]"",""Scalar[int]"",""Scalar[int]"",""Scalar[int]"",""Scalar[int]"",""Scalar[int]"",""Scalar[float]"",""Scalar[int]"",""Scalar[int]"",""Scalar[int]"",""Scalar[int]"",""Scalar[int]""]",null,64,270.046,custom,third_party,sglang,eager,0.211247,3.542276
aten::mm,nvjet_sm90_tst_64x32_64x16_4x1_v_bz_TNT,1,operator_shape_matched,"[[32,5120],[5120,3584]]","[""c10::BFloat16"",""c10::BFloat16""]",null,64,960.192,aten,torch_aten,pytorch,eager,0.751123,0.968559
aten::mm,nvjet_sm90_tst_8x64_64x16_4x1_v_bz_splitK_TNN,1,operator_shape_matched,"[[32,5120],[5120,24]]","[""c10::BFloat16"",""c10::BFloat16""]",null,192,909.216,aten,torch_aten,pytorch,eager,0.711247,0.917139
ChunkGatedDeltaRuleFunction,recompute_w_u_fwd_kernel,1,operator_shape_matched,"[[1,32,4,128],[1,32,4,128],[1,32,12,128],[1,32,12],[1,32,12],[],[3,12,128,128],[2],[3],[]]","[""c10::BFloat16"",""c10::BFloat16"",""c10::BFloat16"",""float"",""float"",""Scalar"",""float"",""int"",""int"",""Scalar""]",null,192,859.908,custom,vendor,cuda,eager,0.672675,4.083853
sglang.srt.layers.attention.mamba.causal_conv1d_triton._causal_conv1d_fwd_kernel,_causal_conv1d_fwd_kernel,1,native_marker_operator_shape_matched,"[[2560,32],[2560,4],[],[3,2560,3],[2],[2],[3],[2560,32],[],[],[],[],[],[],[],[],[],[],[],[],[],[],[],[],[],[],[],[],[],[],[],[],[],[]]","[""torch.bfloat16"",""torch.bfloat16"",""None"",""torch.bfloat16"",""torch.int32"",""torch.bool"",""torch.int32"",""torch.bfloat16"",""Scalar[int]"",""Scalar[int]"",""Scalar[int]"",""Scalar[int]"",""Scalar[int]"",""Scalar[int]"",""Scalar[int]"",""Scalar[int]"",""Scalar[int]"",""Scalar[int]"",""Scalar[int]"",""Scalar[int]"",""Scalar[int]"",""Scalar[int]"",""Scalar[int]"",""Scalar[bool]"",""Scalar[int]"",""Scalar[bool]"",""Scalar[bool]"",""Scalar[bool]"",""Scalar[bool]"",""Scalar[bool]"",""Scalar[int]"",""Scalar[int]"",""Scalar[int]"",""Scalar[int]""]",null,192,855.967,custom,third_party,sglang,eager,0.669592,11.22798
gemma_rms_norm,kernel_cutlass_kernel_flashinfernormkernelsrmsnormRMSNormKernel,1,native_marker_operator_shape_matched,"[[],[12,256],[]]","[""Object[sglang.srt.layers.layernorm.GemmaRMSNorm]"",""torch.bfloat16"",""None""]",null,256,311.357,custom,vendor,cuda,eager,0.243563,1.478689
gemma_rms_norm,kernel_cutlass_kernel_flashinfernormkernelsrmsnormRMSNormKernel,2,native_marker_operator_shape_matched,"[[],[2,256],[]]","[""Object[sglang.srt.layers.layernorm.GemmaRMSNorm]"",""torch.bfloat16"",""None""]",null,256,298.309,custom,vendor,cuda,eager,0.233356,1.416722
gemma_rms_norm,kernel_cutlass_kernel_flashinfernormkernelsrmsnormRMSNormKernel,3,native_marker_operator_shape_matched,"[[],[192,256],[]]","[""Object[sglang.srt.layers.layernorm.GemmaRMSNorm]"",""torch.bfloat16"",""None""]",null,64,83.613,custom,vendor,cuda,eager,0.065407,0.397093
gemma_rms_norm,kernel_cutlass_kernel_flashinfernormkernelsrmsnormRMSNormKernel,4,native_marker_operator_shape_matched,"[[],[32,256],[]]","[""Object[sglang.srt.layers.layernorm.GemmaRMSNorm]"",""torch.bfloat16"",""None""]",null,64,74.944,custom,vendor,cuda,eager,0.058626,0.355922
gemma_rms_norm,kernel_cutlass_kernel_flashinfernormkernelsrmsnormRMSNormKernel,5,native_marker_operator_shape_matched,"[[],[2,5120],[]]","[""Object[sglang.srt.layers.layernorm.GemmaRMSNorm]"",""torch.bfloat16"",""None""]",null,16,36.257,custom,vendor,cuda,eager,0.028363,0.172191
gemma_rms_norm,kernel_cutlass_kernel_flashinfernormkernelsrmsnormRMSNormKernel,6,native_marker_operator_shape_matched,"[[],[32,5120],[]]","[""Object[sglang.srt.layers.layernorm.GemmaRMSNorm]"",""torch.bfloat16"",""None""]",null,4,10.272,custom,vendor,cuda,eager,0.008035,0.048784
ChunkGatedDeltaRuleFunction,chunk_fwd_kernel_o,1,operator_shape_matched,"[[1,32,4,128],[1,32,4,128],[1,32,12,128],[1,32,12],[1,32,12],[],[3,12,128,128],[2],[3],[]]","[""c10::BFloat16"",""c10::BFloat16"",""c10::BFloat16"",""float"",""float"",""Scalar"",""float"",""int"",""int"",""Scalar""]",null,192,635.174,custom,vendor,cuda,eager,0.496874,3.016552
aten::_index_put_impl_,at::native::index_elementwise_kernel,1,operator_shape_matched,"[[48,3,12,128,128],[],[48,1,12,128,128],[],[]]","[""float"","""",""float"",""Scalar"",""Scalar""]",null,8,471.134,aten,torch_aten,pytorch,eager,0.368551,0.475239
aten::index,at::native::index_elementwise_kernel,2,operator_shape_matched,"[[3],[]]","[""int"",""""]",null,20,35.488,aten,torch_aten,pytorch,eager,0.027761,0.035797
aten::_index_put_impl_,at::native::index_elementwise_kernel,3,operator_shape_matched,"[[48,3,2560,3],[],[48,1,2560,3],[],[]]","[""c10::BFloat16"","""",""c10::BFloat16"",""Scalar"",""Scalar""]",null,8,33.087,aten,torch_aten,pytorch,eager,0.025883,0.033375
aten::_index_put_impl_,at::native::index_elementwise_kernel,4,operator_shape_matched,"[[3,262148],[],[2],[],[]]","[""int"","""",""int"",""Scalar"",""Scalar""]",null,16,30.143,aten,torch_aten,pytorch,eager,0.02358,0.030406
aten::_index_put_impl_,at::native::index_elementwise_kernel,5,operator_shape_matched,"[[3],[],[2],[],[]]","[""int"","""",""int"",""Scalar"",""Scalar""]",null,4,6.273,aten,torch_aten,pytorch,eager,0.004907,0.006328
sglang.srt.layers.rotary_embedding.triton_kernels._triton_mrope_forward_fused,_triton_mrope_forward_fused,1,native_marker_operator_shape_matched,"[[2,1536],[2,256],[262400,64],[3,2],[],[],[],[],[],[],[],[],[],[],[],[],[],[],[],[],[]]","[""torch.bfloat16"",""torch.bfloat16"",""torch.bfloat16"",""torch.int64"",""Scalar[int]"",""Scalar[int]"",""Scalar[int]"",""Scalar[int]"",""Scalar[int]"",""Scalar[int]"",""Scalar[int]"",""Scalar[int]"",""Scalar[int]"",""Scalar[int]"",""Scalar[int]"",""Scalar[int]"",""Scalar[int]"",""Scalar[bool]"",""Scalar[bool]"",""Scalar[bool]"",""None""]",null,256,385.539,custom,vendor,cuda,eager,0.301593,1.830992
sglang.srt.layers.rotary_embedding.triton_kernels._triton_mrope_forward_fused,_triton_mrope_forward_fused,2,native_marker_operator_shape_matched,"[[32,1536],[32,256],[262400,64],[3,32],[],[],[],[],[],[],[],[],[],[],[],[],[],[],[],[],[]]","[""torch.bfloat16"",""torch.bfloat16"",""torch.bfloat16"",""torch.int64"",""Scalar[int]"",""Scalar[int]"",""Scalar[int]"",""Scalar[int]"",""Scalar[int]"",""Scalar[int]"",""Scalar[int]"",""Scalar[int]"",""Scalar[int]"",""Scalar[int]"",""Scalar[int]"",""Scalar[int]"",""Scalar[int]"",""Scalar[bool]"",""Scalar[bool]"",""Scalar[bool]"",""None""]",null,64,102.722,custom,vendor,cuda,eager,0.080356,0.487845
sglang.srt.layers.attention.triton_ops.decode_attention._fwd_kernel_stage2,_fwd_kernel_stage2,1,native_marker_operator_shape_matched,"[[2,6,8,256],[2,6,8],[2,6,256],[],[3],[2],[],[],[],[],[],[],[],[],[],[],[],[],[]]","[""torch.float32"",""torch.float32"",""torch.bfloat16"",""Scalar[float]"",""torch.int32"",""torch.int32"",""None"",""Scalar[int]"",""Scalar[int]"",""Scalar[int]"",""Scalar[int]"",""Scalar[int]"",""Scalar[int]"",""Scalar[int]"",""Scalar[int]"",""Scalar[int]"",""Scalar[bool]"",""Scalar[int]"",""Scalar[int]""]",null,256,432.897,custom,third_party,sglang,eager,0.33864,5.678442
ChunkGatedDeltaRuleFunction,l2norm_fwd_kernel,1,operator_shape_matched,"[[1,32,4,128],[1,32,4,128],[1,32,12,128],[1,32,12],[1,32,12],[],[3,12,128,128],[2],[3],[]]","[""c10::BFloat16"",""c10::BFloat16"",""c10::BFloat16"",""float"",""float"",""Scalar"",""float"",""int"",""int"",""Scalar""]",null,384,425.954,custom,vendor,cuda,eager,0.333208,2.02293
sglang::store_cache,<anonymous>::store_kvcache,1,operator_shape_matched,"[[2,256],[2,256],[6388717,256],[6388717,256],[2],[],[]]","[""c10::BFloat16"",""c10::BFloat16"",""c10::BFloat16"",""c10::BFloat16"",""long int"",""Scalar"",""Scalar""]",null,256,275.134,custom,third_party,sgl_kernel,eager,0.215227,3.609017
sglang::store_cache,<anonymous>::store_kvcache,2,operator_shape_matched,"[[32,256],[32,256],[6388717,256],[6388717,256],[32],[],[]]","[""c10::BFloat16"",""c10::BFloat16"",""c10::BFloat16"",""c10::BFloat16"",""long int"",""Scalar"",""Scalar""]",null,64,75.71,custom,third_party,sgl_kernel,eager,0.059225,0.993111
ChunkGatedDeltaRuleFunction,chunk_local_cumsum_scalar_kernel,1,operator_shape_matched,"[[1,32,4,128],[1,32,4,128],[1,32,12,128],[1,32,12],[1,32,12],[],[3,12,128,128],[2],[3],[]]","[""c10::BFloat16"",""c10::BFloat16"",""c10::BFloat16"",""float"",""float"",""Scalar"",""float"",""int"",""int"",""Scalar""]",null,192,292.226,custom,vendor,cuda,eager,0.228598,1.387832
sglang.srt.layers.attention.fla.fused_gdn_gating.fused_gdn_gating_kernel,fused_gdn_gating_kernel,1,native_marker_operator_shape_matched,"[[1,32,12],[1,32,12],[12],[32,12],[32,12],[12],[],[],[],[],[],[],[],[]]","[""torch.float32"",""torch.float32"",""torch.float32"",""torch.bfloat16"",""torch.bfloat16"",""torch.bfloat16"",""Scalar[int]"",""Scalar[int]"",""Scalar[int]"",""Scalar[int]"",""Scalar[float]"",""Scalar[float]"",""Scalar[int]"",""Scalar[int]""]",null,192,239.165,custom,third_party,sglang,eager,0.18709,3.1372
aten::argmax,at::native::reduce_kernel,1,operator_shape_matched,"[[2,248320],[],[]]","[""float"",""Scalar"",""Scalar""]",null,20,160.288,aten,torch_aten,pytorch,eager,0.125387,0.161685
aten::copy_,at::native::unrolled_elementwise_kernel,1,operator_shape_matched,"[[2,248320],[2,248320],[]]","[""float"",""c10::BFloat16"",""Scalar""]",null,20,63.073,aten,torch_aten,pytorch,eager,0.04934,0.063623
aten::copy_,at::native::unrolled_elementwise_kernel,2,operator_shape_matched,"[[2],[2],[]]","[""int"",""long int"",""Scalar""]",null,40,47.163,aten,torch_aten,pytorch,eager,0.036894,0.047574
aten::copy_,at::native::unrolled_elementwise_kernel,3,operator_shape_matched,"[[2],[2],[]]","[""long int"",""int"",""Scalar""]",null,12,14.976,aten,torch_aten,pytorch,eager,0.011715,0.015106
aten::copy_,at::native::unrolled_elementwise_kernel,4,operator_shape_matched,"[[16],[16],[]]","[""long int"",""int"",""Scalar""]",null,8,11.233,aten,torch_aten,pytorch,eager,0.008787,0.011331
aten::cat,at::native::unrolled_elementwise_kernel,5,operator_shape_matched,"[[[40],[6388676]],[]]","[""TensorList"",""Scalar""]",null,4,9.632,aten,torch_aten,pytorch,eager,0.007535,0.009716
aten::copy_,at::native::unrolled_elementwise_kernel,6,operator_shape_matched,"[[3],[3],[]]","[""long int"",""int"",""Scalar""]",null,4,4.928,custom,vendor,cuda,eager,0.003855,0.023404
aten::add,at::native::unrolled_elementwise_kernel,7,operator_shape_matched,"[[],[],[]]","[""int"",""int"",""Scalar""]",null,4,3.424,aten,torch_aten,pytorch,eager,0.002678,0.003454
aten::sub,at::native::unrolled_elementwise_kernel,8,operator_shape_matched,"[[2],[2],[]]","[""int"",""int"",""Scalar""]",null,4,3.327,custom,vendor,cuda,eager,0.002603,0.015801
aten::cumsum,at_cuda_detail::cub::detail::scan::DeviceScanKernel,1,operator_shape_matched,"[[2],[],[]]","[""long int"",""Scalar"",""""]",null,16,21.695,aten,torch_aten,pytorch,eager,0.016971,0.021884
aten::cumsum,at_cuda_detail::cub::detail::scan::DeviceScanKernel,2,operator_shape_matched,"[[2],[],[]]","[""int"",""Scalar"",""""]",null,12,17.728,aten,torch_aten,pytorch,eager,0.013868,0.017882
aten::cumsum,at_cuda_detail::cub::detail::scan::DeviceScanKernel,3,operator_shape_matched,"[[3],[],[]]","[""int"",""Scalar"",""""]",null,4,5.375,custom,vendor,cuda,eager,0.004205,0.025527
aten::arange,<anonymous>::elementwise_kernel_with_index,1,operator_shape_matched,"[[],[],[],[0]]","[""Scalar"",""Scalar"",""Scalar"",""long int""]",null,40,29.632,aten,torch_aten,pytorch,eager,0.02318,0.02989
aten::arange,<anonymous>::elementwise_kernel_with_index,2,operator_shape_matched,"[[],[],[],[0]]","[""Scalar"",""Scalar"",""Scalar"",""int""]",null,16,11.743,aten,torch_aten,pytorch,eager,0.009186,0.011845
aten::index_select,at::native::<anonymous>::indexSelectSmallIndex,1,operator_shape_matched,"[[62080,5120],[],[2]]","[""c10::BFloat16"",""Scalar"",""long int""]",null,16,36.095,aten,torch_aten,pytorch,eager,0.028236,0.03641
aten::_unique2,at_cuda_detail::cub::detail::radix_sort::DeviceRadixSortSingleTileKernel,1,operator_shape_matched,"[[40],[],[],[]]","[""int"",""Scalar"",""Scalar"",""Scalar""]",null,4,35.584,aten,torch_aten,pytorch,eager,0.027836,0.035894
sglang.srt.layers.attention.triton_backend.get_num_kv_splits_triton,get_num_kv_splits_triton,1,native_marker_operator_shape_matched,"[[2],[2],[],[],[],[],[],[],[]]","[""torch.int32"",""torch.int64"",""Scalar[int]"",""Scalar[int]"",""Scalar[int]"",""Scalar[int]"",""Scalar[int]"",""Scalar[int]"",""Scalar[int]""]",null,16,32.224,custom,third_party,sglang,eager,0.025208,0.422692
sglang.srt.layers.attention.utils.create_flashinfer_kv_indices_triton,create_flashinfer_kv_indices_triton,1,native_marker_operator_shape_matched,"[[3,262148],[2],[2],[3],[],[38],[]]","[""torch.int32"",""torch.int64"",""torch.int64"",""torch.int32"",""None"",""torch.int64"",""Scalar[int]""]",null,4,6.464,custom,third_party,flashinfer,eager,0.005057,0.08479
sglang.srt.layers.attention.utils.create_flashinfer_kv_indices_triton,create_flashinfer_kv_indices_triton,2,native_marker_operator_shape_matched,"[[3,262148],[2],[2],[3],[],[40],[]]","[""torch.int32"",""torch.int64"",""torch.int64"",""torch.int32"",""None"",""torch.int64"",""Scalar[int]""]",null,4,6.401,custom,third_party,flashinfer,eager,0.005007,0.083964
sglang.srt.layers.attention.utils.create_flashinfer_kv_indices_triton,create_flashinfer_kv_indices_triton,3,native_marker_operator_shape_matched,"[[3,262148],[2],[2],[3],[],[34],[]]","[""torch.int32"",""torch.int64"",""torch.int64"",""torch.int32"",""None"",""torch.int64"",""Scalar[int]""]",null,4,6.144,custom,third_party,flashinfer,eager,0.004806,0.080593
sglang.srt.layers.attention.utils.create_flashinfer_kv_indices_triton,create_flashinfer_kv_indices_triton,4,native_marker_operator_shape_matched,"[[3,262148],[2],[2],[3],[],[36],[]]","[""torch.int32"",""torch.int64"",""torch.int64"",""torch.int32"",""None"",""torch.int64"",""Scalar[int]""]",null,4,5.696,custom,third_party,flashinfer,eager,0.004456,0.074716
sglang.srt.layers.attention.utils.create_flashinfer_kv_indices_triton,create_flashinfer_kv_indices_triton,5,native_marker_operator_shape_matched,"[[3,262148],[2],[2],[3],[],[0],[]]","[""torch.int32"",""torch.int64"",""torch.int32"",""torch.int32"",""None"",""torch.int64"",""Scalar[int]""]",null,4,3.168,custom,third_party,flashinfer,eager,0.002478,0.041556
sglang.jit_kernel.resolve_future_token_ids.resolve_future_token_ids,<anonymous>::resolve_future_token_ids_kernel,1,native_marker_operator_shape_matched,"[[2],[74]]","[""torch.int64"",""torch.int64""]",null,16,22.721,custom,third_party,sglang,eager,0.017774,0.298038
sglang.jit_kernel.resolve_future_token_ids.resolve_future_token_ids,<anonymous>::resolve_future_token_ids_kernel,2,native_marker_operator_shape_matched,"[[32],[74]]","[""torch.int64"",""torch.int64""]",null,4,4.064,custom,third_party,sglang,eager,0.003179,0.053309
aten::cumsum,at_cuda_detail::cub::detail::scan::DeviceScanInitKernel,1,operator_shape_matched,"[[2],[],[]]","[""long int"",""Scalar"",""""]",null,16,12.64,aten,torch_aten,pytorch,eager,0.009888,0.01275
aten::cumsum,at_cuda_detail::cub::detail::scan::DeviceScanInitKernel,2,operator_shape_matched,"[[2],[],[]]","[""int"",""Scalar"",""""]",null,12,9.695,aten,torch_aten,pytorch,eager,0.007584,0.009779
aten::cumsum,at_cuda_detail::cub::detail::scan::DeviceScanInitKernel,3,operator_shape_matched,"[[3],[],[]]","[""int"",""Scalar"",""""]",null,4,3.2,custom,vendor,cuda,eager,0.002503,0.015197
triton_poi_fused___or___add_bitwise_and_bitwise_not_ge_lt_mul_sub_0,triton_poi_fused___or___add_bitwise_and_bitwise_not_ge_lt_mul_sub_0,1,operator_shape_matched,"[[2],[2],[2],[],[],[],[],[],[]]","[""long int"",""long int"",""bool"",""Scalar"",""Scalar"",""Scalar"",""Scalar"",""Scalar"",""Scalar""]",null,16,14.529,torch_compile,torch_fused,torchinductor,torch_compile,0.011366,79.930682
triton_poi_fused___or___add_bitwise_and_bitwise_not_ge_lt_mul_sub_0,triton_poi_fused___or___add_bitwise_and_bitwise_not_ge_lt_mul_sub_0,2,operator_shape_matched,"[[32],[32],[32],[],[],[],[],[],[]]","[""long int"",""long int"",""bool"",""Scalar"",""Scalar"",""Scalar"",""Scalar"",""Scalar"",""Scalar""]",null,4,3.648,torch_compile,torch_fused,torchinductor,torch_compile,0.002854,20.069318
sglang.jit_kernel.clamp_position.clamp_position,<anonymous>::clamp_position_kernel,1,native_marker_operator_shape_matched,"[[2],[2]]","[""torch.int64"",""torch.int64""]",null,16,14.721,custom,third_party,sglang,eager,0.011516,0.1931
aten::gather,at::native::vectorized_gather_kernel,1,operator_shape_matched,"[[62080,5120],[],[32,5120],[],[32,5120]]","[""c10::BFloat16"",""Scalar"",""long int"",""Scalar"",""c10::BFloat16""]",null,4,7.17,aten,torch_aten,pytorch,eager,0.005609,0.007232
aten::index,at::native::vectorized_gather_kernel,2,operator_shape_matched,"[[32,5120],[]]","[""c10::BFloat16"",""""]",null,4,5.632,aten,torch_aten,pytorch,eager,0.004406,0.005681
aten::_unique2,at_cuda_detail::cub::detail::select::DeviceSelectSweepKernel,1,operator_shape_matched,"[[40],[],[],[]]","[""int"",""Scalar"",""Scalar"",""Scalar""]",null,4,11.52,aten,torch_aten,pytorch,eager,0.009012,0.01162
aten::cat,at::native::<anonymous>::CatArrayBatchedCopy_contig,1,operator_shape_matched,"[[[1],[1]],[]]","[""TensorList"",""Scalar""]",null,8,9.151,aten,torch_aten,pytorch,eager,0.007158,0.009231
sglang.srt.mem_cache.common.write_req_to_token_pool_triton,write_req_to_token_pool_triton,1,native_marker_operator_shape_matched,"[[3,262148],[2],[2],[2],[2],[2],[32],[]]","[""torch.int32"",""torch.int64"",""torch.uint64"",""torch.int64"",""torch.int64"",""torch.int64"",""torch.int64"",""Scalar[int]""]",null,4,7.04,custom,third_party,sglang,eager,0.005507,0.092346
aten::cat,at::native::<anonymous>::CatArrayBatchedCopy_vectorized,1,operator_shape_matched,"[[[20],[20]],[]]","[""TensorList"",""Scalar""]",null,4,5.152,aten,torch_aten,pytorch,eager,0.00403,0.005197
aten::cat,at::native::<anonymous>::CatArrayBatchedCopy_alignedK_contig,1,operator_shape_matched,"[[[1],[2]],[]]","[""TensorList"",""Scalar""]",null,4,5.12,custom,vendor,cuda,eager,0.004005,0.024316
sglang.srt.model_executor.forward_batch_info.compute_position_kernel,compute_position_kernel,1,native_marker_operator_shape_matched,"[[32],[2],[2],[2],[]]","[""torch.int64"",""torch.int32"",""torch.int32"",""torch.int32"",""Scalar[bool]""]",null,4,4.448,custom,third_party,sglang,eager,0.00348,0.058346
aten::_unique2,at_cuda_detail::cub::detail::scan::DeviceCompactInitKernel,1,operator_shape_matched,"[[40],[],[],[]]","[""int"",""Scalar"",""Scalar"",""Scalar""]",null,4,3.136,aten,torch_aten,pytorch,eager,0.002453,0.003163
