operator_id,operator_name,operator_kind,kernel_name,source_category,source_library
1,sglang.jit_kernel.clamp_position.clamp_position,custom,<anonymous>::clamp_position_kernel,third_party,sglang
2,sglang.jit_kernel.resolve_future_token_ids.resolve_future_token_ids,custom,<anonymous>::resolve_future_token_ids_kernel,third_party,sglang
3,sglang::store_cache,custom,<anonymous>::store_kvcache,third_party,sgl_kernel
4,sglang.srt.layers.attention.mamba.causal_conv1d_triton._causal_conv1d_fwd_kernel,custom,_causal_conv1d_fwd_kernel,third_party,sglang
5,sglang.srt.layers.attention.mamba.causal_conv1d_triton._causal_conv1d_update_kernel,custom,_causal_conv1d_update_kernel,third_party,sglang
6,sglang.srt.layers.attention.triton_ops.decode_attention._fwd_grouped_kernel_stage1,custom,_fwd_grouped_kernel_stage1,third_party,sglang
7,sglang.srt.layers.attention.triton_ops.extend_attention._fwd_kernel,custom,_fwd_kernel,third_party,sglang
8,sglang.srt.layers.attention.triton_ops.decode_attention._fwd_kernel_stage2,custom,_fwd_kernel_stage2,third_party,sglang
9,LayerNormFn,custom,_layer_norm_fwd_1pass_kernel,third_party,upstream_unknown
10,sglang.srt.layers.rotary_embedding.triton_kernels._triton_mrope_forward_fused,custom,_triton_mrope_forward_fused,vendor,cuda
11,aten::cat,custom,at::native::<anonymous>::CatArrayBatchedCopy_alignedK_contig,vendor,cuda
12,aten::copy_,custom,at::native::elementwise_kernel,vendor,cuda
13,aten::copy_,custom,at::native::unrolled_elementwise_kernel,vendor,cuda
13,aten::sub,custom,at::native::unrolled_elementwise_kernel,vendor,cuda
14,aten::add,custom,at::native::vectorized_elementwise_kernel,vendor,cuda
14,aten::fill_,custom,at::native::vectorized_elementwise_kernel,vendor,cuda
14,aten::floor_divide,custom,at::native::vectorized_elementwise_kernel,vendor,cuda
14,aten::sub,custom,at::native::vectorized_elementwise_kernel,vendor,cuda
15,aten::cumsum,custom,at_cuda_detail::cub::detail::scan::DeviceScanInitKernel,vendor,cuda
16,aten::cumsum,custom,at_cuda_detail::cub::detail::scan::DeviceScanKernel,vendor,cuda
17,ChunkGatedDeltaRuleFunction,custom,chunk_fwd_kernel_o,vendor,cuda
18,ChunkGatedDeltaRuleFunction,custom,chunk_gated_delta_rule_fwd_kernel_h_blockdim64,vendor,cuda
19,ChunkGatedDeltaRuleFunction,custom,chunk_gated_delta_rule_fwd_kkt_solve_kernel,vendor,cuda
20,ChunkGatedDeltaRuleFunction,custom,chunk_local_cumsum_scalar_kernel,vendor,cuda
21,sglang.srt.model_executor.forward_batch_info.compute_position_kernel,custom,compute_position_kernel,third_party,sglang
22,sglang.srt.layers.attention.utils.create_flashinfer_kv_indices_triton,custom,create_flashinfer_kv_indices_triton,third_party,flashinfer
23,sgl_kernel::silu_and_mul,custom,flashinfer::activation::act_and_mul_kernel,vendor,cuda
24,sglang.srt.layers.attention.fla.fused_gdn_gating.fused_gdn_gating_kernel,custom,fused_gdn_gating_kernel,third_party,sglang
25,sglang.srt.layers.attention.fla.fused_recurrent.fused_recurrent_gated_delta_rule_packed_decode_kernel,custom,fused_recurrent_gated_delta_rule_packed_decode_kernel,vendor,cuda
26,sglang.srt.layers.attention.triton_backend.get_num_kv_splits_triton,custom,get_num_kv_splits_triton,third_party,sglang
27,gemma_rms_norm,custom,kernel_cutlass_kernel_flashinfernormkernelsfused_add_rmsnormFusedAddRMSNormKernel,vendor,cuda
28,gemma_rms_norm,custom,kernel_cutlass_kernel_flashinfernormkernelsrmsnormRMSNormKernel,vendor,cuda
29,ChunkGatedDeltaRuleFunction,custom,l2norm_fwd_kernel,vendor,cuda
30,ChunkGatedDeltaRuleFunction,custom,recompute_w_u_fwd_kernel,vendor,cuda
31,sglang.srt.mem_cache.common.write_req_to_token_pool_triton,custom,write_req_to_token_pool_triton,third_party,sglang
32,aten::_index_put_impl_,aten,at::native::index_elementwise_kernel,torch_aten,pytorch
33,aten::_unique2,aten,at_cuda_detail::cub::detail::radix_sort::DeviceRadixSortSingleTileKernel,torch_aten,pytorch
33,aten::_unique2,aten,at_cuda_detail::cub::detail::scan::DeviceCompactInitKernel,torch_aten,pytorch
33,aten::_unique2,aten,at_cuda_detail::cub::detail::select::DeviceSelectSweepKernel,torch_aten,pytorch
34,aten::add,aten,at::native::elementwise_kernel,torch_aten,pytorch
34,aten::add,aten,at::native::unrolled_elementwise_kernel,torch_aten,pytorch
34,aten::add,aten,at::native::vectorized_elementwise_kernel,torch_aten,pytorch
35,aten::arange,aten,<anonymous>::elementwise_kernel_with_index,torch_aten,pytorch
36,aten::argmax,aten,at::native::reduce_kernel,torch_aten,pytorch
37,aten::cat,aten,at::native::<anonymous>::CatArrayBatchedCopy,torch_aten,pytorch
37,aten::cat,aten,at::native::<anonymous>::CatArrayBatchedCopy_contig,torch_aten,pytorch
37,aten::cat,aten,at::native::<anonymous>::CatArrayBatchedCopy_vectorized,torch_aten,pytorch
37,aten::cat,aten,at::native::unrolled_elementwise_kernel,torch_aten,pytorch
38,aten::copy_,aten,at::native::elementwise_kernel,torch_aten,pytorch
38,aten::copy_,aten,at::native::unrolled_elementwise_kernel,torch_aten,pytorch
39,aten::cumsum,aten,at_cuda_detail::cub::detail::scan::DeviceScanInitKernel,torch_aten,pytorch
39,aten::cumsum,aten,at_cuda_detail::cub::detail::scan::DeviceScanKernel,torch_aten,pytorch
40,aten::fill_,aten,at::native::vectorized_elementwise_kernel,torch_aten,pytorch
41,aten::floor_divide,aten,at::native::vectorized_elementwise_kernel,torch_aten,pytorch
42,aten::gather,aten,at::native::vectorized_gather_kernel,torch_aten,pytorch
43,aten::gt,aten,at::native::vectorized_elementwise_kernel,torch_aten,pytorch
44,aten::index,aten,at::native::index_elementwise_kernel,torch_aten,pytorch
44,aten::index,aten,at::native::vectorized_gather_kernel,torch_aten,pytorch
45,aten::index_select,aten,at::native::<anonymous>::indexSelectSmallIndex,torch_aten,pytorch
46,aten::masked_fill_,aten,at::native::elementwise_kernel,torch_aten,pytorch
47,aten::mm,aten,cublasLt::splitKreduce_kernel,torch_aten,pytorch
47,aten::mm,aten,nvjet_sm90_tst_128x32_64x10_2x1_v_bz_TNT,torch_aten,pytorch
47,aten::mm,aten,nvjet_sm90_tst_128x8_64x12_2x1_v_bz_TNT,torch_aten,pytorch
47,aten::mm,aten,nvjet_sm90_tst_128x8_64x12_4x1_v_bz_TNT,torch_aten,pytorch
47,aten::mm,aten,nvjet_sm90_tst_192x16_64x8_4x2_h_bz_TNT,torch_aten,pytorch
47,aten::mm,aten,nvjet_sm90_tst_256x32_64x5_4x1_v_bz_splitK_TNT,torch_aten,pytorch
47,aten::mm,aten,nvjet_sm90_tst_256x8_64x6_4x1_v_bz_splitK_TNT,torch_aten,pytorch
47,aten::mm,aten,nvjet_sm90_tst_64x32_64x16_2x1_v_bz_TNT,torch_aten,pytorch
47,aten::mm,aten,nvjet_sm90_tst_64x32_64x16_4x1_v_bz_TNT,torch_aten,pytorch
47,aten::mm,aten,nvjet_sm90_tst_64x8_64x16_1x1_h_bz_splitK_TNT,torch_aten,pytorch
47,aten::mm,aten,nvjet_sm90_tst_64x8_64x16_2x1_v_bz_TNT,torch_aten,pytorch
47,aten::mm,aten,nvjet_sm90_tst_64x8_64x16_2x1_v_bz_splitK_TNT,torch_aten,pytorch
47,aten::mm,aten,nvjet_sm90_tst_64x8_64x16_4x1_v_bz_TNT,torch_aten,pytorch
47,aten::mm,aten,nvjet_sm90_tst_8x64_64x16_4x1_v_bz_splitK_TNN,torch_aten,pytorch
48,aten::mul,aten,at::native::vectorized_elementwise_kernel,torch_aten,pytorch
49,aten::neg,aten,at::native::vectorized_elementwise_kernel,torch_aten,pytorch
50,aten::sigmoid,aten,at::native::vectorized_elementwise_kernel,torch_aten,pytorch
51,aten::sub,aten,at::native::vectorized_elementwise_kernel,torch_aten,pytorch
52,triton_poi_fused___or___add_bitwise_and_bitwise_not_ge_lt_mul_sub_0,torch_compile,triton_poi_fused___or___add_bitwise_and_bitwise_not_ge_lt_mul_sub_0,torch_fused,torchinductor
